{
  "timestamp": "20260102_161122",
  "analysis_type": "tactical_analysis",
  "data": {
    "passing_network": {
      "3": {
        "12": 2,
        "11": 1
      },
      "156": {
        "22": 1
      },
      "22": {
        "156": 1
      },
      "7": {
        "1": 1
      },
      "19": {
        "5": 1
      },
      "6": {
        "3": 1
      },
      "12": {
        "3": 1
      }
    },
    "formations": {
      "1": {
        "formation": "2-5-1-3",
        "lines": [
          [
            15,
            10
          ],
          [
            19,
            12,
            3,
            5,
            22
          ],
          [
            14
          ],
          [
            11,
            34,
            6
          ]
        ],
        "num_players": 11
      },
      "2": {
        "formation": "1-3-3-1-2",
        "lines": [
          [
            28
          ],
          [
            16,
            120,
            26
          ],
          [
            8,
            81,
            247
          ],
          [
            7
          ],
          [
            1,
            13
          ]
        ],
        "num_players": 10
      }
    },
    "player_avg_positions": {
      "1": {
        "team": 2,
        "avg_x": 1067.424,
        "avg_y": 605.7093333333333,
        "num_positions": 750
      },
      "3": {
        "team": 1,
        "avg_x": 529.1994645247657,
        "avg_y": 575.8888888888889,
        "num_positions": 747
      },
      "4": {
        "team": 1,
        "avg_x": 1494.2934472934473,
        "avg_y": 537.3618233618233,
        "num_positions": 351
      },
      "5": {
        "team": 1,
        "avg_x": 886.7219251336899,
        "avg_y": 617.687165775401,
        "num_positions": 748
      },
      "6": {
        "team": 1,
        "avg_x": 944.6346666666667,
        "avg_y": 777.6786666666667,
        "num_positions": 750
      },
      "7": {
        "team": 2,
        "avg_x": 1020.1778385772914,
        "avg_y": 516.1135430916553,
        "num_positions": 731
      },
      "8": {
        "team": 2,
        "avg_x": 848.6936813186813,
        "avg_y": 449.66895604395603,
        "num_positions": 728
      },
      "9": {
        "team": 1,
        "avg_x": 1473.5675675675675,
        "avg_y": 510.1660231660232,
        "num_positions": 259
      },
      "10": {
        "team": 1,
        "avg_x": 1423.0437262357414,
        "avg_y": 497.66920152091257,
        "num_positions": 526
      },
      "11": {
        "team": 1,
        "avg_x": 407.7139001349528,
        "avg_y": 725.604588394062,
        "num_positions": 741
      },
      "12": {
        "team": 1,
        "avg_x": 449.28648648648647,
        "avg_y": 574.081081081081,
        "num_positions": 740
      },
      "13": {
        "team": 2,
        "avg_x": 1508.470430107527,
        "avg_y": 632.6612903225806,
        "num_positions": 744
      },
      "14": {
        "team": 1,
        "avg_x": 549.903743315508,
        "avg_y": 681.855614973262,
        "num_positions": 748
      },
      "15": {
        "team": 1,
        "avg_x": 782.5419532324622,
        "avg_y": 496.73177441540577,
        "num_positions": 727
      },
      "16": {
        "team": 2,
        "avg_x": 718.7624521072797,
        "avg_y": 363.632183908046,
        "num_positions": 261
      },
      "18": {
        "team": 1,
        "avg_x": 1203.7,
        "avg_y": 805.0,
        "num_positions": 20
      },
      "19": {
        "team": 1,
        "avg_x": 1172.3200549450548,
        "avg_y": 551.6771978021978,
        "num_positions": 728
      },
      "20": {
        "team": 1,
        "avg_x": 1911.4166666666667,
        "avg_y": 443.25,
        "num_positions": 12
      },
      "22": {
        "team": 1,
        "avg_x": 1430.8272471910113,
        "avg_y": 634.5716292134831,
        "num_positions": 712
      },
      "26": {
        "team": 2,
        "avg_x": 1352.9521276595744,
        "avg_y": 391.18617021276594,
        "num_positions": 188
      },
      "28": {
        "team": 2,
        "avg_x": 1255.0,
        "avg_y": 301.64088397790056,
        "num_positions": 181
      },
      "34": {
        "team": 1,
        "avg_x": 1249.9277929155314,
        "avg_y": 754.0572207084468,
        "num_positions": 734
      },
      "81": {
        "team": 2,
        "avg_x": 998.3333333333334,
        "avg_y": 450.3333333333333,
        "num_positions": 3
      },
      "91": {
        "team": 1,
        "avg_x": 232.58297872340427,
        "avg_y": 523.7021276595744,
        "num_positions": 235
      },
      "117": {
        "team": 1,
        "avg_x": 224.16666666666666,
        "avg_y": 524.0,
        "num_positions": 6
      },
      "120": {
        "team": 2,
        "avg_x": 927.25,
        "avg_y": 383.646484375,
        "num_positions": 512
      },
      "132": {
        "team": 1,
        "avg_x": 393.1409395973154,
        "avg_y": 453.3422818791946,
        "num_positions": 447
      },
      "134": {
        "team": 1,
        "avg_x": 1419.302919708029,
        "avg_y": 511.1715328467153,
        "num_positions": 274
      },
      "142": {
        "team": 1,
        "avg_x": 692.9952494061757,
        "avg_y": 367.5985748218527,
        "num_positions": 421
      },
      "156": {
        "team": 1,
        "avg_x": 1237.1331658291458,
        "avg_y": 530.9070351758794,
        "num_positions": 398
      },
      "197": {
        "team": 1,
        "avg_x": 835.0,
        "avg_y": 621.0,
        "num_positions": 2
      },
      "213": {
        "team": 1,
        "avg_x": 1604.9024390243903,
        "avg_y": 449.8252032520325,
        "num_positions": 246
      },
      "227": {
        "team": 1,
        "avg_x": 1388.9668246445497,
        "avg_y": 474.66350710900474,
        "num_positions": 211
      },
      "236": {
        "team": 1,
        "avg_x": 1127.4060606060607,
        "avg_y": 431.4787878787879,
        "num_positions": 165
      },
      "243": {
        "team": 1,
        "avg_x": 1462.0,
        "avg_y": 471.0,
        "num_positions": 1
      },
      "247": {
        "team": 2,
        "avg_x": 1568.0,
        "avg_y": 457.5,
        "num_positions": 2
      },
      "252": {
        "team": 1,
        "avg_x": 841.6666666666666,
        "avg_y": 470.0,
        "num_positions": 3
      },
      "259": {
        "team": 1,
        "avg_x": 325.0,
        "avg_y": 710.5,
        "num_positions": 2
      },
      "270": {
        "team": 1,
        "avg_x": 594.0,
        "avg_y": 652.0,
        "num_positions": 1
      }
    }
  }
}