{
  "timestamp": "20260102_161122",
  "analysis_type": "team_comparison",
  "teams": {
    "team_1": {
      "team_id": 1,
      "active_players": [
        3,
        4,
        5,
        6,
        132,
        134,
        9,
        10,
        11,
        12,
        14,
        15,
        142,
        270,
        18,
        19,
        20,
        22,
        259,
        156,
        34,
        197,
        213,
        91,
        227,
        236,
        243,
        117,
        252
      ],
      "num_players": 29,
      "ball_touches": 23,
      "possession_frames": 404,
      "ball_control_frames": 569,
      "possession_percentage": 75.86666666666667,
      "total_distance": 394544.66407605197,
      "avg_distance_per_player": 13604.988416415585,
      "total_speed": 111102.34795079849,
      "speed_count": 10955,
      "average_speed": 10.141702231930488
    },
    "team_2": {
      "team_id": 2,
      "active_players": [
        1,
        7,
        8,
        13,
        16,
        81,
        247,
        120,
        26,
        28
      ],
      "num_players": 10,
      "ball_touches": 9,
      "possession_frames": 114,
      "ball_control_frames": 181,
      "possession_percentage": 24.133333333333333,
      "total_distance": 133741.08530185433,
      "avg_distance_per_player": 13374.108530185433,
      "total_speed": 36660.897706850876,
      "speed_count": 4100,
      "average_speed": 8.941682367524605
    }
  }
}