{
  "timestamp": "20260110_081931",
  "analysis_type": "team_comparison",
  "teams": {
    "team_1": {
      "team_id": 1,
      "active_players": [
        132,
        5,
        6,
        9,
        11,
        12,
        142,
        15,
        16,
        270,
        18,
        19,
        22,
        28,
        197,
        91,
        227,
        243,
        247
      ],
      "num_players": 19,
      "ball_touches": 15,
      "possession_frames": 315,
      "ball_control_frames": 409,
      "possession_percentage": 54.53333333333333,
      "total_distance": 267796.39313689055,
      "avg_distance_per_player": 14094.547007204766,
      "total_speed": 76833.72748653035,
      "speed_count": 7187,
      "average_speed": 10.690653608811791
    },
    "team_2": {
      "team_id": 2,
      "active_players": [
        1,
        3,
        4,
        259,
        134,
        7,
        8,
        10,
        13,
        14,
        20,
        26,
        156,
        34,
        81,
        213,
        236,
        117,
        120,
        252
      ],
      "num_players": 20,
      "ball_touches": 17,
      "possession_frames": 203,
      "ball_control_frames": 341,
      "possession_percentage": 45.46666666666667,
      "total_distance": 260489.3562410172,
      "avg_distance_per_player": 13024.46781205086,
      "total_speed": 70929.51817111883,
      "speed_count": 7868,
      "average_speed": 9.01493621900341
    }
  }
}