{
  "timestamp": "20260110_083555",
  "analysis_type": "team_comparison",
  "teams": {
    "team_1": {
      "team_id": 1,
      "active_players": [
        1,
        3,
        4,
        259,
        134,
        7,
        8,
        10,
        13,
        14,
        20,
        26,
        156,
        34,
        81,
        213,
        91,
        236,
        117,
        120,
        252
      ],
      "num_players": 21,
      "ball_touches": 18,
      "possession_frames": 349,
      "ball_control_frames": 494,
      "possession_percentage": 65.86666666666666,
      "total_distance": 263661.83656103874,
      "avg_distance_per_player": 12555.325550525655,
      "total_speed": 73963.66642675745,
      "speed_count": 8103,
      "average_speed": 9.12793612572596
    },
    "team_2": {
      "team_id": 2,
      "active_players": [
        227,
        132,
        5,
        6,
        197,
        9,
        11,
        12,
        142,
        15,
        16,
        270,
        18,
        19,
        243,
        22,
        247,
        28
      ],
      "num_players": 18,
      "ball_touches": 14,
      "possession_frames": 169,
      "ball_control_frames": 256,
      "possession_percentage": 34.13333333333333,
      "total_distance": 264623.9128168689,
      "avg_distance_per_player": 14701.328489826052,
      "total_speed": 73799.57923089148,
      "speed_count": 6952,
      "average_speed": 10.615589647711664
    }
  }
}