{
    "model_name": "YOLOv11 (Custom Trained)",
    "dataset": "FutVAR Football Players Detection Dataset",
    "evaluation_date": "2026-01-11 14:26:38",
    "metrics": {
        "mAP50": 0.48100529242822365,
        "mAP50-95": 0.19560547310360926,
        "precision": 0.5395873203654276,
        "recall": 0.5044750557107416,
        "classes": {
            "ball": {
                "AP50-95": 0.05327469616140509,
                "AP50": 0.19720648249933503
            },
            "goalkeeper": {
                "AP50-95": 0.10925350258765427,
                "AP50": 0.33658961789123626
            },
            "player": {
                "AP50-95": 0.39912765029222286,
                "AP50": 0.8396509763884981
            },
            "referee": {
                "AP50-95": 0.22076604337315472,
                "AP50": 0.5505740929338252
            }
        }
    }
}